<?xml version="1.0" encoding="UTF-8"?><rss version="2.0"
	xmlns:content="http://purl.org/rss/1.0/modules/content/"
	xmlns:wfw="http://wellformedweb.org/CommentAPI/"
	xmlns:dc="http://purl.org/dc/elements/1.1/"
	xmlns:atom="http://www.w3.org/2005/Atom"
	xmlns:sy="http://purl.org/rss/1.0/modules/syndication/"
	xmlns:slash="http://purl.org/rss/1.0/modules/slash/"
	>

<channel>
	<title>type - openbox</title>
	<atom:link href="/tag/type/feed/" rel="self" type="application/rss+xml" />
	<link>/</link>
	<description></description>
	<lastBuildDate>Sun, 19 Jan 2025 16:07:58 +0000</lastBuildDate>
	<language>en-US</language>
	<sy:updatePeriod>
	hourly	</sy:updatePeriod>
	<sy:updateFrequency>
	1	</sy:updateFrequency>
	<generator>https://wordpress.org/?v=6.7.1</generator>

<image>
	<url>/wp-content/uploads/2022/05/cropped-Group-1OPENBPX-32x32.png</url>
	<title>type - openbox</title>
	<link>/</link>
	<width>32</width>
	<height>32</height>
</image> 
	<item>
		<title>5 Tips to Increase Your Online Sales</title>
		<link>/5-tips-to-increase-your-online-sales/?utm_source=rss#038;utm_medium=rss&#038;utm_campaign=5-tips-to-increase-your-online-sales</link>
					<comments>/5-tips-to-increase-your-online-sales/#respond</comments>
		
		<dc:creator><![CDATA[openbox]]></dc:creator>
		<pubDate>Sat, 23 Apr 2022 07:10:00 +0000</pubDate>
				<category><![CDATA[Design]]></category>
		<category><![CDATA[business]]></category>
		<category><![CDATA[marketing]]></category>
		<category><![CDATA[online]]></category>
		<category><![CDATA[seo]]></category>
		<category><![CDATA[skill sale]]></category>
		<category><![CDATA[type]]></category>
		<guid isPermaLink="false">/?p=3187</guid>

					<description><![CDATA[<p>I joined Coinbase about two months ago to establish and lead a new tech hub for Coinbase in India. In this blog post, I wanted to share a bit about our plans and ambitions in India and how we are thinking about this hub in general.</p>
<p>The post <a href="/5-tips-to-increase-your-online-sales/">5 Tips to Increase Your Online Sales</a> first appeared on <a href="/">openbox</a>.</p>]]></description>
										<content:encoded><![CDATA[<p>Lorem Ipsum is simply dummy text of the printing and typesetting industry. Lorem Ipsum has been the industry&#8217;s standard dummy text ever since the 1500s, when an unknown printer took a galley of type and scrambled it to make a type specimen book. It has survived not only five centuries, but also the leap into electronic typesetting, remaining essentially unchanged. </p>



<blockquote class="wp-block-quote is-layout-flow wp-block-quote-is-layout-flow"><p>It was popularised in the 1960s with the release of Letraset sheets containing Lorem Ipsum passages, and more recently with desktop publishing software like Aldus PageMaker including versions of Lorem Ipsum.</p></blockquote>



<figure class="wp-block-gallery has-nested-images columns-default is-cropped wp-block-gallery-1 is-layout-flex wp-block-gallery-is-layout-flex">
<figure class="wp-block-image size-full"><img fetchpriority="high" decoding="async" width="440" height="440" data-id="5541" src="/wp-content/uploads/2022/05/portfolio-1.jpg" alt="" class="wp-image-5541" srcset="/wp-content/uploads/2022/05/portfolio-1.jpg 440w, /wp-content/uploads/2022/05/portfolio-1-300x300.jpg 300w, /wp-content/uploads/2022/05/portfolio-1-150x150.jpg 150w, /wp-content/uploads/2022/05/portfolio-1-100x100.jpg 100w" sizes="(max-width: 440px) 100vw, 440px" /></figure>



<figure class="wp-block-image size-full"><img decoding="async" width="440" height="440" data-id="5542" src="/wp-content/uploads/2022/05/portfolio-2.jpg" alt="" class="wp-image-5542" srcset="/wp-content/uploads/2022/05/portfolio-2.jpg 440w, /wp-content/uploads/2022/05/portfolio-2-300x300.jpg 300w, /wp-content/uploads/2022/05/portfolio-2-150x150.jpg 150w, /wp-content/uploads/2022/05/portfolio-2-100x100.jpg 100w" sizes="(max-width: 440px) 100vw, 440px" /></figure>
</figure>



<p>Lorem Ipsum is simply dummy text of the printing and typesetting industry. Lorem Ipsum has been the industry&#8217;s standard dummy text ever since the 1500s, when an unknown printer took a galley of type and scrambled it to make a type specimen book. </p>



<h3 class="wp-block-heading">Building a high quality tech hub</h3>



<p>It has survived not only five centuries, but also the leap into electronic typesetting, remaining essentially unchanged. It was popularised in the 1960s with the release of Letraset sheets containing.</p>



<h3 class="wp-block-heading">Flexible and modern work environment</h3>



<p>Lorem Ipsum passages, and more recently with desktop publishing software like Aldus PageMaker including versions of Lorem Ipsum</p><p>The post <a href="/5-tips-to-increase-your-online-sales/">5 Tips to Increase Your Online Sales</a> first appeared on <a href="/">openbox</a>.</p>]]></content:encoded>
					
					<wfw:commentRss>/5-tips-to-increase-your-online-sales/feed/</wfw:commentRss>
			<slash:comments>0</slash:comments>
		
		
			</item>
	</channel>
</rss>
