<?xml version="1.0" encoding="UTF-8"?><rss version="2.0"
	xmlns:content="http://purl.org/rss/1.0/modules/content/"
	xmlns:dc="http://purl.org/dc/elements/1.1/"
	xmlns:atom="http://www.w3.org/2005/Atom"
	xmlns:sy="http://purl.org/rss/1.0/modules/syndication/"
	
	>
<channel>
	<title>
	Comments on: Workspace Design	</title>
	<atom:link href="/portfolio/workspace-design/feed/" rel="self" type="application/rss+xml" />
	<link>/portfolio/workspace-design/?utm_source=rss#038;utm_medium=rss&#038;utm_campaign=workspace-design</link>
	<description></description>
	<lastBuildDate>Sun, 19 Jan 2025 16:07:58 +0000</lastBuildDate>
	<sy:updatePeriod>
	hourly	</sy:updatePeriod>
	<sy:updateFrequency>
	1	</sy:updateFrequency>
	<generator>https://wordpress.org/?v=6.7.1</generator>
</channel>
</rss>
