<?xml version="1.0" encoding="UTF-8"?><rss version="2.0"
	xmlns:content="http://purl.org/rss/1.0/modules/content/"
	xmlns:wfw="http://wellformedweb.org/CommentAPI/"
	xmlns:dc="http://purl.org/dc/elements/1.1/"
	xmlns:atom="http://www.w3.org/2005/Atom"
	xmlns:sy="http://purl.org/rss/1.0/modules/syndication/"
	xmlns:slash="http://purl.org/rss/1.0/modules/slash/"
	>

<channel>
	<title>Business - openbox</title>
	<atom:link href="/category_portfolio/business/feed/" rel="self" type="application/rss+xml" />
	<link>/</link>
	<description></description>
	<lastBuildDate>Sun, 19 Jan 2025 16:07:58 +0000</lastBuildDate>
	<language>en-US</language>
	<sy:updatePeriod>
	hourly	</sy:updatePeriod>
	<sy:updateFrequency>
	1	</sy:updateFrequency>
	<generator>https://wordpress.org/?v=6.7.1</generator>

<image>
	<url>/wp-content/uploads/2022/05/cropped-Group-1OPENBPX-32x32.png</url>
	<title>Business - openbox</title>
	<link>/</link>
	<width>32</width>
	<height>32</height>
</image> 
	<item>
		<title>Marketing Strategy</title>
		<link>/portfolio/marketing-strategy/?utm_source=rss#038;utm_medium=rss&#038;utm_campaign=marketing-strategy</link>
					<comments>/portfolio/marketing-strategy/#respond</comments>
		
		<dc:creator><![CDATA[openbox]]></dc:creator>
		<pubDate>Mon, 16 May 2022 10:52:34 +0000</pubDate>
				<guid isPermaLink="false">/?post_type=ova_portfolio#038;p=1427</guid>

					<description><![CDATA[<p>About project Phosfluorescently engage worldwide methodologies with web-enabled technology. Interactively coordinate proactive e-commerce via process-centric &#8220;outside the box&#8221; thinking. Completely pursue scalable customer service through sustainable potentialities. Objectively innovate empowered manufactured products whereas parallel platforms. Holisticly predominate extensible testing procedures for reliable supply chains. Envisioned multimedia based expertise and cross-media growth strategies. Seamlessly visualize quality [&#8230;]</p>
<p>The post <a href="/portfolio/marketing-strategy/">Marketing Strategy</a> first appeared on <a href="/">openbox</a>.</p>]]></description>
										<content:encoded><![CDATA[<h4 class="wp-block-heading" style="font-size:32px">About project</h4>



<p>Phosfluorescently engage worldwide methodologies with web-enabled technology. Interactively coordinate proactive e-commerce via process-centric &#8220;outside the box&#8221; thinking. Completely pursue scalable customer service through sustainable potentialities. Objectively innovate empowered manufactured products whereas parallel platforms. Holisticly predominate extensible testing procedures for reliable supply chains.</p>



<p>Envisioned multimedia based expertise and cross-media growth strategies. Seamlessly visualize quality intellectual capital without superior collaboration and idea-sharing. Holistically pontificate installed base portals after maintainable products.</p>



<h4 class="wp-block-heading" style="font-size:32px">Concept</h4>



<div class="wp-block-columns is-layout-flex wp-container-core-columns-is-layout-1 wp-block-columns-is-layout-flex">
<div class="wp-block-column is-layout-flow wp-block-column-is-layout-flow">
<p>Efficiently unleash cross-media information without cross-media value. Quickly maximize timely deliverables for real-time schemas. Dramatically maintain clicks-and mortar functional solutions.</p>



<p class="has-text-color" style="color:#00092c"><strong>&#8211; Efficiently unleash cross-media informatio<br>&#8211; Quickly maximize timely deliverables<br>&#8211; Dramatically maintain clicks-and-mortar solutions</strong></p>
</div>



<div class="wp-block-column is-layout-flow wp-block-column-is-layout-flow">
<figure class="wp-block-image size-full"><img decoding="async" src="/wp-content/uploads/2022/05/service.svg" alt="" class="wp-image-3517"/></figure>
</div>
</div>



<h4 class="wp-block-heading" style="font-size:32px">Company Values &amp; The Relationship</h4>



<p>Phosfluorescently engage worldwide methodologies with web-enabled technology. Interactively coordinate proactive e-commerce via process-centric &#8220;outside the box&#8221; thinking. Completely pursue scalable customer service through sustainable potentialities. Objectively innovate empowered manufactured products whereas parallel platforms. Holisticly predominate extensible testing procedures for reliable supply chains.</p>



<p>Envisioned multimedia based expertise and cross-media growth strategies. Seamlessly visualize quality intellectual capital without superior collaboration and idea-sharing. Holistically pontificate installed base portals after maintainable products.</p>



<div class="wp-block-columns is-layout-flex wp-container-core-columns-is-layout-2 wp-block-columns-is-layout-flex">
<div class="wp-block-column is-layout-flow wp-block-column-is-layout-flow">
<p></p>



<figure class="wp-block-image size-full is-style-default"><img fetchpriority="high" decoding="async" width="440" height="440" src="/wp-content/uploads/2022/05/post-detail-01.jpg" alt="" class="wp-image-1552" srcset="/wp-content/uploads/2022/05/post-detail-01.jpg 440w, /wp-content/uploads/2022/05/post-detail-01-300x300.jpg 300w, /wp-content/uploads/2022/05/post-detail-01-150x150.jpg 150w, /wp-content/uploads/2022/05/post-detail-01-100x100.jpg 100w" sizes="(max-width: 440px) 100vw, 440px" /></figure>
</div>



<div class="wp-block-column is-layout-flow wp-block-column-is-layout-flow">
<p></p>



<figure class="wp-block-image size-full"><img decoding="async" width="440" height="440" src="/wp-content/uploads/2022/05/post-detail-02.jpg" alt="" class="wp-image-1553" srcset="/wp-content/uploads/2022/05/post-detail-02.jpg 440w, /wp-content/uploads/2022/05/post-detail-02-300x300.jpg 300w, /wp-content/uploads/2022/05/post-detail-02-150x150.jpg 150w, /wp-content/uploads/2022/05/post-detail-02-100x100.jpg 100w" sizes="(max-width: 440px) 100vw, 440px" /></figure>
</div>
</div>



<h4 class="wp-block-heading" style="font-size:32px">Challenge &amp; Solution</h4>



<p>Envisioned multimedia based expertise and cross-media growth strategies. Seamlessly visualize quality intellectual capital without superior collaboration and idea-sharing. Holistically pontificate installed base portals after maintainable products.</p><p>The post <a href="/portfolio/marketing-strategy/">Marketing Strategy</a> first appeared on <a href="/">openbox</a>.</p>]]></content:encoded>
					
					<wfw:commentRss>/portfolio/marketing-strategy/feed/</wfw:commentRss>
			<slash:comments>0</slash:comments>
		
		
			</item>
		<item>
		<title>Lanscape</title>
		<link>/portfolio/lanscape/?utm_source=rss#038;utm_medium=rss&#038;utm_campaign=lanscape</link>
					<comments>/portfolio/lanscape/#respond</comments>
		
		<dc:creator><![CDATA[openbox]]></dc:creator>
		<pubDate>Wed, 18 May 2022 06:31:10 +0000</pubDate>
				<guid isPermaLink="false">/?post_type=ova_portfolio#038;p=2343</guid>

					<description><![CDATA[<p>About project Phosfluorescently engage worldwide methodologies with web-enabled technology. Interactively coordinate proactive e-commerce via process-centric &#8220;outside the box&#8221; thinking. Completely pursue scalable customer service through sustainable potentialities. Objectively innovate empowered manufactured products whereas parallel platforms. Holisticly predominate extensible testing procedures for reliable supply chains. Envisioned multimedia based expertise and cross-media growth strategies. Seamlessly visualize quality [&#8230;]</p>
<p>The post <a href="/portfolio/lanscape/">Lanscape</a> first appeared on <a href="/">openbox</a>.</p>]]></description>
										<content:encoded><![CDATA[<h4 class="wp-block-heading" style="font-size:32px">About project</h4>



<p>Phosfluorescently engage worldwide methodologies with web-enabled technology. Interactively coordinate proactive e-commerce via process-centric &#8220;outside the box&#8221; thinking. Completely pursue scalable customer service through sustainable potentialities. Objectively innovate empowered manufactured products whereas parallel platforms. Holisticly predominate extensible testing procedures for reliable supply chains.</p>



<p>Envisioned multimedia based expertise and cross-media growth strategies. Seamlessly visualize quality intellectual capital without superior collaboration and idea-sharing. Holistically pontificate installed base portals after maintainable products.</p>



<h4 class="wp-block-heading" style="font-size:32px">Concept</h4>



<div class="wp-block-columns is-layout-flex wp-container-core-columns-is-layout-3 wp-block-columns-is-layout-flex">
<div class="wp-block-column is-layout-flow wp-block-column-is-layout-flow">
<p>Efficiently unleash cross-media information without cross-media value. Quickly maximize timely deliverables for real-time schemas. Dramatically maintain clicks-and mortar functional solutions.</p>



<p class="has-text-color" style="color:#00092c"><strong>&#8211; Efficiently unleash cross-media informatio<br>&#8211; Quickly maximize timely deliverables<br>&#8211; Dramatically maintain clicks-and-mortar solutions</strong></p>
</div>



<div class="wp-block-column is-layout-flow wp-block-column-is-layout-flow">
<figure class="wp-block-image size-full"><img decoding="async" src="/wp-content/uploads/2022/05/service.svg" alt="" class="wp-image-3517"/></figure>
</div>
</div>



<h4 class="wp-block-heading" style="font-size:32px">Company Values &amp; The Relationship</h4>



<p>Phosfluorescently engage worldwide methodologies with web-enabled technology. Interactively coordinate proactive e-commerce via process-centric &#8220;outside the box&#8221; thinking. Completely pursue scalable customer service through sustainable potentialities. Objectively innovate empowered manufactured products whereas parallel platforms. Holisticly predominate extensible testing procedures for reliable supply chains.</p>



<p>Envisioned multimedia based expertise and cross-media growth strategies. Seamlessly visualize quality intellectual capital without superior collaboration and idea-sharing. Holistically pontificate installed base portals after maintainable products.</p>



<div class="wp-block-columns is-layout-flex wp-container-core-columns-is-layout-4 wp-block-columns-is-layout-flex">
<div class="wp-block-column is-layout-flow wp-block-column-is-layout-flow">
<p></p>



<figure class="wp-block-image size-full is-style-default"><img fetchpriority="high" decoding="async" width="440" height="440" src="/wp-content/uploads/2022/05/post-detail-01.jpg" alt="" class="wp-image-1552" srcset="/wp-content/uploads/2022/05/post-detail-01.jpg 440w, /wp-content/uploads/2022/05/post-detail-01-300x300.jpg 300w, /wp-content/uploads/2022/05/post-detail-01-150x150.jpg 150w, /wp-content/uploads/2022/05/post-detail-01-100x100.jpg 100w" sizes="(max-width: 440px) 100vw, 440px" /></figure>
</div>



<div class="wp-block-column is-layout-flow wp-block-column-is-layout-flow">
<p></p>



<figure class="wp-block-image size-full"><img decoding="async" width="440" height="440" src="/wp-content/uploads/2022/05/post-detail-02.jpg" alt="" class="wp-image-1553" srcset="/wp-content/uploads/2022/05/post-detail-02.jpg 440w, /wp-content/uploads/2022/05/post-detail-02-300x300.jpg 300w, /wp-content/uploads/2022/05/post-detail-02-150x150.jpg 150w, /wp-content/uploads/2022/05/post-detail-02-100x100.jpg 100w" sizes="(max-width: 440px) 100vw, 440px" /></figure>
</div>
</div>



<h4 class="wp-block-heading" style="font-size:32px">Challenge &amp; Solution</h4>



<p>Envisioned multimedia based expertise and cross-media growth strategies. Seamlessly visualize quality intellectual capital without superior collaboration and idea-sharing. Holistically pontificate installed base portals after maintainable products.</p><p>The post <a href="/portfolio/lanscape/">Lanscape</a> first appeared on <a href="/">openbox</a>.</p>]]></content:encoded>
					
					<wfw:commentRss>/portfolio/lanscape/feed/</wfw:commentRss>
			<slash:comments>0</slash:comments>
		
		
			</item>
		<item>
		<title>Organizational Audit</title>
		<link>/portfolio/organizational-audit/?utm_source=rss#038;utm_medium=rss&#038;utm_campaign=organizational-audit</link>
					<comments>/portfolio/organizational-audit/#respond</comments>
		
		<dc:creator><![CDATA[openbox]]></dc:creator>
		<pubDate>Fri, 27 May 2022 06:55:01 +0000</pubDate>
				<guid isPermaLink="false">/?post_type=ova_portfolio#038;p=5563</guid>

					<description><![CDATA[<p>About project Phosfluorescently engage worldwide methodologies with web-enabled technology. Interactively coordinate proactive e-commerce via process-centric &#8220;outside the box&#8221; thinking. Completely pursue scalable customer service through sustainable potentialities. Objectively innovate empowered manufactured products whereas parallel platforms. Holisticly predominate extensible testing procedures for reliable supply chains. Envisioned multimedia based expertise and cross-media growth strategies. Seamlessly visualize quality [&#8230;]</p>
<p>The post <a href="/portfolio/organizational-audit/">Organizational Audit</a> first appeared on <a href="/">openbox</a>.</p>]]></description>
										<content:encoded><![CDATA[<h4 class="wp-block-heading" style="font-size:32px">About project</h4>



<p>Phosfluorescently engage worldwide methodologies with web-enabled technology. Interactively coordinate proactive e-commerce via process-centric &#8220;outside the box&#8221; thinking. Completely pursue scalable customer service through sustainable potentialities. Objectively innovate empowered manufactured products whereas parallel platforms. Holisticly predominate extensible testing procedures for reliable supply chains.</p>



<p>Envisioned multimedia based expertise and cross-media growth strategies. Seamlessly visualize quality intellectual capital without superior collaboration and idea-sharing. Holistically pontificate installed base portals after maintainable products.</p>



<h4 class="wp-block-heading" style="font-size:32px">Concept</h4>



<div class="wp-block-columns is-layout-flex wp-container-core-columns-is-layout-5 wp-block-columns-is-layout-flex">
<div class="wp-block-column is-layout-flow wp-block-column-is-layout-flow">
<p>Efficiently unleash cross-media information without cross-media value. Quickly maximize timely deliverables for real-time schemas. Dramatically maintain clicks-and mortar functional solutions.</p>



<p class="has-text-color" style="color:#00092c"><strong>&#8211; Efficiently unleash cross-media informatio<br>&#8211; Quickly maximize timely deliverables<br>&#8211; Dramatically maintain clicks-and-mortar solutions</strong></p>
</div>



<div class="wp-block-column is-layout-flow wp-block-column-is-layout-flow">
<figure class="wp-block-image size-full"><img decoding="async" src="/wp-content/uploads/2022/05/service.svg" alt="" class="wp-image-3517"/></figure>
</div>
</div>



<h4 class="wp-block-heading" style="font-size:32px">Company Values &amp; The Relationship</h4>



<p>Phosfluorescently engage worldwide methodologies with web-enabled technology. Interactively coordinate proactive e-commerce via process-centric &#8220;outside the box&#8221; thinking. Completely pursue scalable customer service through sustainable potentialities. Objectively innovate empowered manufactured products whereas parallel platforms. Holisticly predominate extensible testing procedures for reliable supply chains.</p>



<p>Envisioned multimedia based expertise and cross-media growth strategies. Seamlessly visualize quality intellectual capital without superior collaboration and idea-sharing. Holistically pontificate installed base portals after maintainable products.</p>



<div class="wp-block-columns is-layout-flex wp-container-core-columns-is-layout-6 wp-block-columns-is-layout-flex">
<div class="wp-block-column is-layout-flow wp-block-column-is-layout-flow">
<p></p>



<figure class="wp-block-image size-full is-style-default"><img fetchpriority="high" decoding="async" width="440" height="440" src="/wp-content/uploads/2022/05/post-detail-01.jpg" alt="" class="wp-image-1552" srcset="/wp-content/uploads/2022/05/post-detail-01.jpg 440w, /wp-content/uploads/2022/05/post-detail-01-300x300.jpg 300w, /wp-content/uploads/2022/05/post-detail-01-150x150.jpg 150w, /wp-content/uploads/2022/05/post-detail-01-100x100.jpg 100w" sizes="(max-width: 440px) 100vw, 440px" /></figure>
</div>



<div class="wp-block-column is-layout-flow wp-block-column-is-layout-flow">
<p></p>



<figure class="wp-block-image size-full"><img decoding="async" width="440" height="440" src="/wp-content/uploads/2022/05/post-detail-02.jpg" alt="" class="wp-image-1553" srcset="/wp-content/uploads/2022/05/post-detail-02.jpg 440w, /wp-content/uploads/2022/05/post-detail-02-300x300.jpg 300w, /wp-content/uploads/2022/05/post-detail-02-150x150.jpg 150w, /wp-content/uploads/2022/05/post-detail-02-100x100.jpg 100w" sizes="(max-width: 440px) 100vw, 440px" /></figure>
</div>
</div>



<h4 class="wp-block-heading" style="font-size:32px">Challenge &amp; Solution</h4>



<p>Envisioned multimedia based expertise and cross-media growth strategies. Seamlessly visualize quality intellectual capital without superior collaboration and idea-sharing. Holistically pontificate installed base portals after maintainable products.</p><p>The post <a href="/portfolio/organizational-audit/">Organizational Audit</a> first appeared on <a href="/">openbox</a>.</p>]]></content:encoded>
					
					<wfw:commentRss>/portfolio/organizational-audit/feed/</wfw:commentRss>
			<slash:comments>0</slash:comments>
		
		
			</item>
		<item>
		<title>Support Function</title>
		<link>/portfolio/support-function/?utm_source=rss#038;utm_medium=rss&#038;utm_campaign=support-function</link>
					<comments>/portfolio/support-function/#respond</comments>
		
		<dc:creator><![CDATA[openbox]]></dc:creator>
		<pubDate>Fri, 27 May 2022 06:55:59 +0000</pubDate>
				<guid isPermaLink="false">/?post_type=ova_portfolio#038;p=5565</guid>

					<description><![CDATA[<p>About project Phosfluorescently engage worldwide methodologies with web-enabled technology. Interactively coordinate proactive e-commerce via process-centric &#8220;outside the box&#8221; thinking. Completely pursue scalable customer service through sustainable potentialities. Objectively innovate empowered manufactured products whereas parallel platforms. Holisticly predominate extensible testing procedures for reliable supply chains. Envisioned multimedia based expertise and cross-media growth strategies. Seamlessly visualize quality [&#8230;]</p>
<p>The post <a href="/portfolio/support-function/">Support Function</a> first appeared on <a href="/">openbox</a>.</p>]]></description>
										<content:encoded><![CDATA[<h4 class="wp-block-heading" style="font-size:32px">About project</h4>



<p>Phosfluorescently engage worldwide methodologies with web-enabled technology. Interactively coordinate proactive e-commerce via process-centric &#8220;outside the box&#8221; thinking. Completely pursue scalable customer service through sustainable potentialities. Objectively innovate empowered manufactured products whereas parallel platforms. Holisticly predominate extensible testing procedures for reliable supply chains.</p>



<p>Envisioned multimedia based expertise and cross-media growth strategies. Seamlessly visualize quality intellectual capital without superior collaboration and idea-sharing. Holistically pontificate installed base portals after maintainable products.</p>



<h4 class="wp-block-heading" style="font-size:32px">Concept</h4>



<div class="wp-block-columns is-layout-flex wp-container-core-columns-is-layout-7 wp-block-columns-is-layout-flex">
<div class="wp-block-column is-layout-flow wp-block-column-is-layout-flow">
<p>Efficiently unleash cross-media information without cross-media value. Quickly maximize timely deliverables for real-time schemas. Dramatically maintain clicks-and mortar functional solutions.</p>



<p class="has-text-color" style="color:#00092c"><strong>&#8211; Efficiently unleash cross-media informatio<br>&#8211; Quickly maximize timely deliverables<br>&#8211; Dramatically maintain clicks-and-mortar solutions</strong></p>
</div>



<div class="wp-block-column is-layout-flow wp-block-column-is-layout-flow">
<figure class="wp-block-image size-full"><img decoding="async" src="/wp-content/uploads/2022/05/service.svg" alt="" class="wp-image-3517"/></figure>
</div>
</div>



<h4 class="wp-block-heading" style="font-size:32px">Company Values &amp; The Relationship</h4>



<p>Phosfluorescently engage worldwide methodologies with web-enabled technology. Interactively coordinate proactive e-commerce via process-centric &#8220;outside the box&#8221; thinking. Completely pursue scalable customer service through sustainable potentialities. Objectively innovate empowered manufactured products whereas parallel platforms. Holisticly predominate extensible testing procedures for reliable supply chains.</p>



<p>Envisioned multimedia based expertise and cross-media growth strategies. Seamlessly visualize quality intellectual capital without superior collaboration and idea-sharing. Holistically pontificate installed base portals after maintainable products.</p>



<div class="wp-block-columns is-layout-flex wp-container-core-columns-is-layout-8 wp-block-columns-is-layout-flex">
<div class="wp-block-column is-layout-flow wp-block-column-is-layout-flow">
<p></p>



<figure class="wp-block-image size-full is-style-default"><img fetchpriority="high" decoding="async" width="440" height="440" src="/wp-content/uploads/2022/05/post-detail-01.jpg" alt="" class="wp-image-1552" srcset="/wp-content/uploads/2022/05/post-detail-01.jpg 440w, /wp-content/uploads/2022/05/post-detail-01-300x300.jpg 300w, /wp-content/uploads/2022/05/post-detail-01-150x150.jpg 150w, /wp-content/uploads/2022/05/post-detail-01-100x100.jpg 100w" sizes="(max-width: 440px) 100vw, 440px" /></figure>
</div>



<div class="wp-block-column is-layout-flow wp-block-column-is-layout-flow">
<p></p>



<figure class="wp-block-image size-full"><img decoding="async" width="440" height="440" src="/wp-content/uploads/2022/05/post-detail-02.jpg" alt="" class="wp-image-1553" srcset="/wp-content/uploads/2022/05/post-detail-02.jpg 440w, /wp-content/uploads/2022/05/post-detail-02-300x300.jpg 300w, /wp-content/uploads/2022/05/post-detail-02-150x150.jpg 150w, /wp-content/uploads/2022/05/post-detail-02-100x100.jpg 100w" sizes="(max-width: 440px) 100vw, 440px" /></figure>
</div>
</div>



<h4 class="wp-block-heading" style="font-size:32px">Challenge &amp; Solution</h4>



<p>Envisioned multimedia based expertise and cross-media growth strategies. Seamlessly visualize quality intellectual capital without superior collaboration and idea-sharing. Holistically pontificate installed base portals after maintainable products.</p><p>The post <a href="/portfolio/support-function/">Support Function</a> first appeared on <a href="/">openbox</a>.</p>]]></content:encoded>
					
					<wfw:commentRss>/portfolio/support-function/feed/</wfw:commentRss>
			<slash:comments>0</slash:comments>
		
		
			</item>
		<item>
		<title>Partnership Ecosystem</title>
		<link>/portfolio/partnership-ecosystem/?utm_source=rss#038;utm_medium=rss&#038;utm_campaign=partnership-ecosystem</link>
					<comments>/portfolio/partnership-ecosystem/#respond</comments>
		
		<dc:creator><![CDATA[openbox]]></dc:creator>
		<pubDate>Fri, 27 May 2022 06:57:27 +0000</pubDate>
				<guid isPermaLink="false">/?post_type=ova_portfolio#038;p=5575</guid>

					<description><![CDATA[<p>About project Phosfluorescently engage worldwide methodologies with web-enabled technology. Interactively coordinate proactive e-commerce via process-centric &#8220;outside the box&#8221; thinking. Completely pursue scalable customer service through sustainable potentialities. Objectively innovate empowered manufactured products whereas parallel platforms. Holisticly predominate extensible testing procedures for reliable supply chains. Envisioned multimedia based expertise and cross-media growth strategies. Seamlessly visualize quality [&#8230;]</p>
<p>The post <a href="/portfolio/partnership-ecosystem/">Partnership Ecosystem</a> first appeared on <a href="/">openbox</a>.</p>]]></description>
										<content:encoded><![CDATA[<h4 class="wp-block-heading" style="font-size:32px">About project</h4>



<p>Phosfluorescently engage worldwide methodologies with web-enabled technology. Interactively coordinate proactive e-commerce via process-centric &#8220;outside the box&#8221; thinking. Completely pursue scalable customer service through sustainable potentialities. Objectively innovate empowered manufactured products whereas parallel platforms. Holisticly predominate extensible testing procedures for reliable supply chains.</p>



<p>Envisioned multimedia based expertise and cross-media growth strategies. Seamlessly visualize quality intellectual capital without superior collaboration and idea-sharing. Holistically pontificate installed base portals after maintainable products.</p>



<h4 class="wp-block-heading" style="font-size:32px">Concept</h4>



<div class="wp-block-columns is-layout-flex wp-container-core-columns-is-layout-9 wp-block-columns-is-layout-flex">
<div class="wp-block-column is-layout-flow wp-block-column-is-layout-flow">
<p>Efficiently unleash cross-media information without cross-media value. Quickly maximize timely deliverables for real-time schemas. Dramatically maintain clicks-and mortar functional solutions.</p>



<p class="has-text-color" style="color:#00092c"><strong>&#8211; Efficiently unleash cross-media informatio<br>&#8211; Quickly maximize timely deliverables<br>&#8211; Dramatically maintain clicks-and-mortar solutions</strong></p>
</div>



<div class="wp-block-column is-layout-flow wp-block-column-is-layout-flow">
<figure class="wp-block-image size-full"><img decoding="async" src="/wp-content/uploads/2022/05/service.svg" alt="" class="wp-image-3517"/></figure>
</div>
</div>



<h4 class="wp-block-heading" style="font-size:32px">Company Values &amp; The Relationship</h4>



<p>Phosfluorescently engage worldwide methodologies with web-enabled technology. Interactively coordinate proactive e-commerce via process-centric &#8220;outside the box&#8221; thinking. Completely pursue scalable customer service through sustainable potentialities. Objectively innovate empowered manufactured products whereas parallel platforms. Holisticly predominate extensible testing procedures for reliable supply chains.</p>



<p>Envisioned multimedia based expertise and cross-media growth strategies. Seamlessly visualize quality intellectual capital without superior collaboration and idea-sharing. Holistically pontificate installed base portals after maintainable products.</p>



<div class="wp-block-columns is-layout-flex wp-container-core-columns-is-layout-10 wp-block-columns-is-layout-flex">
<div class="wp-block-column is-layout-flow wp-block-column-is-layout-flow">
<p></p>



<figure class="wp-block-image size-full is-style-default"><img fetchpriority="high" decoding="async" width="440" height="440" src="/wp-content/uploads/2022/05/post-detail-01.jpg" alt="" class="wp-image-1552" srcset="/wp-content/uploads/2022/05/post-detail-01.jpg 440w, /wp-content/uploads/2022/05/post-detail-01-300x300.jpg 300w, /wp-content/uploads/2022/05/post-detail-01-150x150.jpg 150w, /wp-content/uploads/2022/05/post-detail-01-100x100.jpg 100w" sizes="(max-width: 440px) 100vw, 440px" /></figure>
</div>



<div class="wp-block-column is-layout-flow wp-block-column-is-layout-flow">
<p></p>



<figure class="wp-block-image size-full"><img decoding="async" width="440" height="440" src="/wp-content/uploads/2022/05/post-detail-02.jpg" alt="" class="wp-image-1553" srcset="/wp-content/uploads/2022/05/post-detail-02.jpg 440w, /wp-content/uploads/2022/05/post-detail-02-300x300.jpg 300w, /wp-content/uploads/2022/05/post-detail-02-150x150.jpg 150w, /wp-content/uploads/2022/05/post-detail-02-100x100.jpg 100w" sizes="(max-width: 440px) 100vw, 440px" /></figure>
</div>
</div>



<h4 class="wp-block-heading" style="font-size:32px">Challenge &amp; Solution</h4>



<p>Envisioned multimedia based expertise and cross-media growth strategies. Seamlessly visualize quality intellectual capital without superior collaboration and idea-sharing. Holistically pontificate installed base portals after maintainable products.</p><p>The post <a href="/portfolio/partnership-ecosystem/">Partnership Ecosystem</a> first appeared on <a href="/">openbox</a>.</p>]]></content:encoded>
					
					<wfw:commentRss>/portfolio/partnership-ecosystem/feed/</wfw:commentRss>
			<slash:comments>0</slash:comments>
		
		
			</item>
	</channel>
</rss>
